<?xml version="1.0" encoding="UTF-8"?>
<project-private xmlns="http://www.netbeans.org/ns/project-private/1">
    <editor-bookmarks xmlns="http://www.netbeans.org/ns/editor-bookmarks/2" lastBookmarkId="1">
        <file>
            <url>src/Home.java</url>
            <bookmark id="1">
                <name/>
                <line>2598</line>
                <key/>
            </bookmark>
        </file>
    </editor-bookmarks>
    <open-files xmlns="http://www.netbeans.org/ns/projectui-open-files/2">
        <group>
            <file>file:/C:/Users/syedf/Documents/NetBeansProjects/Inventory%20Management%20System/src/Home.java</file>
            <file>file:/C:/Users/syedf/Documents/NetBeansProjects/Inventory%20Management%20System/src/dao/InventoryUtils.java</file>
            <file>file:/C:/Users/syedf/Documents/NetBeansProjects/Inventory%20Management%20System/src/common/OpenPdf.java</file>
            <file>file:/C:/Users/syedf/Documents/NetBeansProjects/Inventory%20Management%20System/src/Login.java</file>
            <file>file:/C:/Users/syedf/Documents/NetBeansProjects/Inventory%20Management%20System/src/dao/tables.java</file>
            <file>file:/C:/Users/syedf/Documents/NetBeansProjects/Inventory%20Management%20System/src/inventory/management/system/InventoryManagementSystem.java</file>
        </group>
    </open-files>
</project-private>
